プロット タイトル: 21751639,,,,,,,
#,日付,"時間, GMT+03:00","Event, units (LGR S/N: 21751639, SEN S/N: 21751639)",カプラー取り外し (LGR S/N: 21751639),カプラー取り付け (LGR S/N: 21751639),ホスト接続 (LGR S/N: 21751639),ファイルの終わり (LGR S/N: 21751639)
1,2004/08/24,06:00:08 午後,0,,,,
2,2004/08/24,06:00:23 午後,,記録,,,
3,2004/09/24,04:04:25 午後,0.2,,,,
4,2004/11/24,05:00:02 午後,0.4,,,,
5,2004/11/24,05:00:04 午後,0.6,,,,
6,2004/11/24,05:00:10 午後,0.8,,,,
7,2004/11/24,05:00:14 午後,1,,,,
8,2004/11/24,05:00:15 午後,1.2,,,,
9,2004/11/24,05:00:56 午後,1.4,,,,
10,2004/11/24,05:00:58 午後,1.6,,,,
11,2004/11/24,05:01:02 午後,1.8,,,,
12,2004/11/24,05:01:06 午後,2,,,,
13,2004/11/24,05:01:22 午後,2.2,,,,
14,2004/11/24,05:01:24 午後,2.4,,,,
15,2004/11/24,05:01:29 午後,2.6,,,,
16,2004/11/24,05:01:38 午後,2.8,,,,
17,2004/11/24,05:01:40 午後,3,,,,
18,2004/11/24,05:01:42 午後,3.2,,,,
19,2004/11/24,07:25:19 午後,3.4,,,,
20,2004/11/24,11:26:36 午後,3.6,,,,
21,2004/11/24,11:35:26 午後,3.8,,,,
22,2004/11/24,11:50:42 午後,4,,,,
23,2004/12/24,03:11:30 午前,4.2,,,,
24,2004/12/24,03:25:32 午前,4.4,,,,
25,2004/12/24,05:36:40 午前,4.6,,,,
26,2004/12/24,05:59:22 午前,4.8,,,,
27,2004/12/24,09:08:45 午前,5,,,,
28,2004/12/24,09:55:42 午前,5.2,,,,
29,04/13/24,03:31:36 午前,5.4,,,,
30,04/13/24,05:31:42 午前,5.6,,,,
31,04/13/24,05:51:41 午前,5.8,,,,
32,04/13/24,07:26:36 午前,6,,,,
33,04/13/24,07:46:32 午後,6.2,,,,
34,04/13/24,07:47:58 午後,6.4,,,,
35,04/13/24,07:52:35 午後,6.6,,,,
36,04/13/24,09:38:30 午後,6.8,,,,
37,04/13/24,10:29:56 午後,7,,,,
38,04/13/24,10:33:34 午後,7.2,,,,
39,04/13/24,10:51:59 午後,7.4,,,,
40,04/14/24,12:19:59 午前,7.6,,,,
41,04/14/24,12:38:57 午後,7.8,,,,
42,04/14/24,12:43:10 午後,8,,,,
43,04/14/24,01:35:03 午後,8.2,,,,
44,04/14/24,01:39:23 午後,8.4,,,,
45,04/14/24,01:43:55 午後,8.6,,,,
46,04/14/24,01:45:30 午後,8.8,,,,
47,04/14/24,01:46:17 午後,9,,,,
48,04/14/24,01:46:42 午後,9.2,,,,
49,04/14/24,01:48:23 午後,9.4,,,,
50,04/14/24,01:50:19 午後,9.6,,,,
51,04/14/24,01:52:10 午後,9.8,,,,
52,04/14/24,01:52:58 午後,10,,,,
53,04/14/24,01:53:47 午後,10.2,,,,
54,04/14/24,01:54:04 午後,10.4,,,,
55,04/14/24,01:54:29 午後,10.6,,,,
56,04/14/24,01:54:45 午後,10.8,,,,
57,04/14/24,01:55:12 午後,11,,,,
58,04/14/24,01:55:30 午後,11.2,,,,
59,04/14/24,01:56:00 午後,11.4,,,,
60,04/14/24,01:56:21 午後,11.6,,,,
61,04/14/24,01:56:55 午後,11.8,,,,
62,04/14/24,01:57:28 午後,12,,,,
63,04/14/24,01:58:21 午後,12.2,,,,
64,04/14/24,01:58:57 午後,12.4,,,,
65,04/14/24,02:00:35 午後,12.6,,,,
66,04/14/24,02:01:40 午後,12.8,,,,
67,04/14/24,02:06:25 午後,13,,,,
68,04/14/24,02:08:25 午後,13.2,,,,
69,04/14/24,02:12:13 午後,13.4,,,,
70,04/14/24,02:14:46 午後,13.6,,,,
71,04/14/24,02:18:52 午後,13.8,,,,
72,04/14/24,02:20:18 午後,14,,,,
73,04/14/24,02:27:04 午後,14.2,,,,
74,04/14/24,02:31:55 午後,14.4,,,,
75,04/14/24,02:56:49 午後,14.6,,,,
76,04/14/24,03:02:44 午後,14.8,,,,
77,04/14/24,04:51:08 午後,15,,,,
78,04/14/24,04:52:54 午後,15.2,,,,
79,04/14/24,04:55:03 午後,15.4,,,,
80,04/14/24,04:56:03 午後,15.6,,,,
81,04/14/24,04:57:19 午後,15.8,,,,
82,04/14/24,04:57:38 午後,16,,,,
83,04/14/24,04:58:12 午後,16.2,,,,
84,04/14/24,04:58:30 午後,16.4,,,,
85,04/14/24,04:59:05 午後,16.6,,,,
86,04/14/24,04:59:19 午後,16.8,,,,
87,04/14/24,04:59:47 午後,17,,,,
88,04/14/24,05:00:00 午後,17.2,,,,
89,04/14/24,05:00:41 午後,17.4,,,,
90,04/14/24,05:01:03 午後,17.6,,,,
91,04/14/24,05:09:06 午後,17.8,,,,
92,04/15/24,03:36:26 午前,18,,,,
93,04/15/24,12:06:30 午後,18.2,,,,
94,04/15/24,12:08:47 午後,18.4,,,,
95,04/15/24,12:10:25 午後,18.6,,,,
96,04/15/24,12:11:07 午後,18.8,,,,
97,04/15/24,12:12:06 午後,19,,,,
98,04/15/24,12:12:37 午後,19.2,,,,
99,04/15/24,12:13:13 午後,19.4,,,,
100,04/15/24,12:13:38 午後,19.6,,,,
101,04/15/24,12:57:34 午後,19.8,,,,
102,04/15/24,01:24:21 午後,20,,,,
103,04/15/24,01:38:27 午後,20.2,,,,
104,04/15/24,01:49:14 午後,20.4,,,,
105,04/15/24,04:31:32 午後,20.6,,,,
106,04/15/24,04:47:20 午後,20.8,,,,
107,04/15/24,04:56:55 午後,21,,,,
108,04/15/24,05:01:06 午後,21.2,,,,
109,04/15/24,05:09:05 午後,21.4,,,,
110,04/15/24,05:17:56 午後,21.6,,,,
111,04/15/24,07:35:41 午後,21.8,,,,
112,04/15/24,07:38:17 午後,22,,,,
113,04/15/24,07:46:30 午後,22.2,,,,
114,04/15/24,07:58:00 午後,22.4,,,,
115,04/15/24,08:17:10 午後,22.6,,,,
116,04/15/24,08:23:11 午後,22.8,,,,
117,04/15/24,08:37:33 午後,23,,,,
118,04/15/24,08:45:28 午後,23.2,,,,
119,04/15/24,08:59:55 午後,23.4,,,,
120,04/15/24,09:08:10 午後,23.6,,,,
121,04/15/24,09:22:51 午後,23.8,,,,
122,04/15/24,09:29:13 午後,24,,,,
123,04/15/24,09:39:25 午後,24.2,,,,
124,04/15/24,09:47:40 午後,24.4,,,,
125,04/15/24,09:59:22 午後,24.6,,,,
126,04/15/24,10:04:56 午後,24.8,,,,
127,04/15/24,10:14:06 午後,25,,,,
128,04/15/24,10:21:07 午後,25.2,,,,
129,04/16/24,01:29:19 午後,25.4,,,,
130,04/16/24,01:32:51 午後,25.6,,,,
131,04/16/24,01:34:21 午後,25.8,,,,
132,04/16/24,01:35:06 午後,26,,,,
133,04/16/24,01:36:17 午後,26.2,,,,
134,04/16/24,01:36:49 午後,26.4,,,,
135,04/16/24,01:38:47 午後,26.6,,,,
136,04/16/24,01:40:01 午後,26.8,,,,
137,04/16/24,01:42:11 午後,27,,,,
138,04/16/24,01:43:23 午後,27.2,,,,
139,04/16/24,01:49:25 午後,27.4,,,,
140,04/16/24,05:50:11 午後,27.6,,,,
141,04/16/24,05:51:19 午後,27.8,,,,
142,04/16/24,05:51:51 午後,28,,,,
143,04/16/24,05:53:22 午後,28.2,,,,
144,04/16/24,05:53:59 午後,28.4,,,,
145,04/16/24,05:54:48 午後,28.6,,,,
146,04/16/24,05:55:11 午後,28.8,,,,
147,04/16/24,05:55:58 午後,29,,,,
148,04/16/24,05:56:26 午後,29.2,,,,
149,04/16/24,05:57:01 午後,29.4,,,,
150,04/16/24,05:57:19 午後,29.6,,,,
151,04/16/24,05:58:01 午後,29.8,,,,
152,04/16/24,05:58:21 午後,30,,,,
153,04/16/24,05:58:52 午後,30.2,,,,
154,04/16/24,05:59:04 午後,30.4,,,,
155,04/16/24,05:59:25 午後,30.6,,,,
156,04/16/24,05:59:32 午後,30.8,,,,
157,04/16/24,05:59:55 午後,31,,,,
158,04/16/24,06:00:17 午後,31.2,,,,
159,04/16/24,06:01:32 午後,31.4,,,,
160,04/16/24,06:02:45 午後,31.6,,,,
161,04/16/24,06:08:59 午後,31.8,,,,
162,04/16/24,06:12:20 午後,32,,,,
163,04/16/24,06:22:04 午後,32.2,,,,
164,04/16/24,06:33:12 午後,32.4,,,,
165,04/16/24,06:39:37 午後,32.6,,,,
166,04/16/24,06:44:02 午後,32.8,,,,
167,04/16/24,06:48:59 午後,33,,,,
168,04/16/24,06:52:19 午後,33.2,,,,
169,04/16/24,06:59:52 午後,33.4,,,,
170,04/16/24,07:52:17 午後,33.6,,,,
171,04/17/24,04:36:27 午後,33.8,,,,
172,04/17/24,04:38:27 午後,34,,,,
173,04/17/24,04:46:40 午後,34.2,,,,
174,04/17/24,04:49:45 午後,34.4,,,,
175,04/18/24,12:52:17 午後,34.6,,,,
176,04/18/24,01:02:21 午後,34.8,,,,
177,04/18/24,01:03:21 午後,35,,,,
178,04/18/24,01:03:28 午後,35.2,,,,
179,04/18/24,01:03:43 午後,35.4,,,,
180,04/18/24,01:03:54 午後,35.6,,,,
181,04/18/24,01:04:11 午後,35.8,,,,
182,04/18/24,01:04:19 午後,36,,,,
183,04/18/24,01:04:29 午後,36.2,,,,
184,04/18/24,01:04:35 午後,36.4,,,,
185,04/18/24,01:04:44 午後,36.6,,,,
186,04/18/24,01:04:48 午後,36.8,,,,
187,04/18/24,01:04:56 午後,37,,,,
188,04/18/24,01:05:01 午後,37.2,,,,
189,04/18/24,01:05:09 午後,37.4,,,,
190,04/18/24,01:05:15 午後,37.6,,,,
191,04/18/24,01:05:26 午後,37.8,,,,
192,04/18/24,01:05:32 午後,38,,,,
193,04/18/24,01:05:40 午後,38.2,,,,
194,04/18/24,01:05:43 午後,38.4,,,,
195,04/18/24,01:05:50 午後,38.6,,,,
196,04/18/24,01:05:54 午後,38.8,,,,
197,04/18/24,01:06:00 午後,39,,,,
198,04/18/24,01:06:04 午後,39.2,,,,
199,04/18/24,01:06:24 午後,39.4,,,,
200,04/18/24,01:06:32 午後,39.6,,,,
201,04/18/24,01:06:48 午後,39.8,,,,
202,04/18/24,01:07:03 午後,40,,,,
203,04/18/24,01:07:17 午後,40.2,,,,
204,04/18/24,01:07:23 午後,40.4,,,,
205,04/18/24,01:07:32 午後,40.6,,,,
206,04/18/24,01:07:41 午後,40.8,,,,
207,04/18/24,01:07:51 午後,41,,,,
208,04/18/24,01:07:58 午後,41.2,,,,
209,04/18/24,01:08:09 午後,41.4,,,,
210,04/18/24,01:08:15 午後,41.6,,,,
211,04/18/24,01:08:23 午後,41.8,,,,
212,04/18/24,01:08:29 午後,42,,,,
213,04/18/24,01:08:42 午後,42.2,,,,
214,04/18/24,01:08:52 午後,42.4,,,,
215,04/18/24,01:09:07 午後,42.6,,,,
216,04/18/24,01:09:12 午後,42.8,,,,
217,04/18/24,01:09:23 午後,43,,,,
218,04/18/24,01:09:27 午後,43.2,,,,
219,04/18/24,01:09:38 午後,43.4,,,,
220,04/18/24,01:09:43 午後,43.6,,,,
221,04/18/24,01:09:56 午後,43.8,,,,
222,04/18/24,01:10:04 午後,44,,,,
223,04/18/24,01:10:24 午後,44.2,,,,
224,04/18/24,01:10:37 午後,44.4,,,,
225,04/18/24,01:11:12 午後,44.6,,,,
226,04/18/24,01:11:37 午後,44.8,,,,
227,04/18/24,01:12:23 午後,45,,,,
228,04/18/24,01:12:51 午後,45.2,,,,
229,04/18/24,01:13:42 午後,45.4,,,,
230,04/18/24,01:14:06 午後,45.6,,,,
231,04/18/24,01:16:00 午後,45.8,,,,
232,04/18/24,01:16:59 午後,46,,,,
233,04/18/24,01:17:34 午後,46.2,,,,
234,04/18/24,01:17:59 午後,46.4,,,,
235,04/18/24,01:18:25 午後,46.6,,,,
236,04/18/24,01:18:36 午後,46.8,,,,
237,04/18/24,01:19:09 午後,47,,,,
238,04/18/24,01:19:34 午後,47.2,,,,
239,04/18/24,01:20:12 午後,47.4,,,,
240,04/18/24,01:20:24 午後,47.6,,,,
241,04/18/24,01:22:00 午後,47.8,,,,
242,04/18/24,01:32:52 午後,48,,,,
243,04/18/24,11:45:08 午後,48.2,,,,
244,04/18/24,11:51:22 午後,48.4,,,,
245,04/19/24,12:05:18 午前,48.6,,,,
246,04/19/24,12:54:58 午前,48.8,,,,
247,04/19/24,09:55:32 午前,,,記録,記録,
248,04/19/24,09:56:50 午前,,,,記録,
249,04/19/24,09:57:17 午前,,記録,,,
250,04/19/24,09:57:42 午前,,,記録,,
251,04/19/24,09:57:46 午前,,,,記録,
252,04/19/24,10:01:29 午前,,,,記録,
253,04/19/24,10:01:34 午前,,記録,,,
254,04/19/24,10:03:23 午前,49,,,,
255,04/19/24,10:03:52 午前,,,記録,,
256,04/19/24,10:03:58 午前,,,,記録,
257,04/19/24,10:04:14 午前,,,,記録,
258,04/19/24,10:04:15 午前,,記録,,,
259,04/19/24,10:04:19 午前,,,,記録,
260,04/19/24,10:04:20 午前,,,記録,,
261,04/19/24,10:06:29 午前,,,,記録,
262,04/19/24,10:06:33 午前,,記録,,,
263,04/19/24,10:06:51 午前,,,,記録,
264,04/19/24,10:06:52 午前,,,記録,,
265,04/19/24,10:07:03 午前,,,,記録,
266,04/19/24,10:07:44 午前,,記録,,,
267,04/19/24,10:08:19 午前,49.2,,,,
268,04/19/24,10:08:51 午前,49.4,,,,
269,04/19/24,12:26:42 午後,49.6,,,,
270,04/19/24,12:27:17 午後,49.8,,,,
271,04/19/24,12:27:56 午後,50,,,,
272,04/19/24,12:28:29 午後,50.2,,,,
273,04/19/24,12:28:55 午後,50.4,,,,
274,04/19/24,12:29:17 午後,50.6,,,,
275,04/19/24,12:30:00 午後,50.8,,,,
276,04/19/24,12:30:33 午後,51,,,,
277,04/19/24,12:31:02 午後,51.2,,,,
278,04/19/24,12:31:27 午後,51.4,,,,
279,04/19/24,12:31:59 午後,51.6,,,,
280,04/19/24,12:32:21 午後,51.8,,,,
281,04/19/24,12:32:53 午後,52,,,,
282,04/19/24,12:33:27 午後,52.2,,,,
283,04/19/24,12:34:07 午後,52.4,,,,
284,04/19/24,12:34:44 午後,52.6,,,,
285,04/19/24,12:35:53 午後,52.8,,,,
286,04/19/24,12:36:41 午後,53,,,,
287,04/19/24,12:38:01 午後,53.2,,,,
288,04/19/24,12:39:31 午後,53.4,,,,
289,04/19/24,12:40:45 午後,53.6,,,,
290,04/19/24,12:41:51 午後,53.8,,,,
291,04/19/24,12:42:36 午後,54,,,,
292,04/19/24,12:43:24 午後,54.2,,,,
293,04/19/24,12:44:51 午後,54.4,,,,
294,04/19/24,12:46:32 午後,54.6,,,,
295,04/19/24,12:48:13 午後,54.8,,,,
296,04/19/24,12:50:55 午後,55,,,,
297,04/19/24,12:54:50 午後,55.2,,,,
298,04/19/24,01:03:09 午後,55.4,,,,
299,04/19/24,01:04:27 午後,55.6,,,,
300,04/19/24,01:05:43 午後,,,記録,,
301,04/19/24,01:05:44 午後,,,,記録,
302,04/19/24,01:06:34 午後,,記録,,,
303,04/19/24,01:06:36 午後,,,記録,記録,
304,04/19/24,01:07:05 午後,,記録,,,
305,04/19/24,01:08:11 午後,55.8,,,,
306,04/19/24,01:08:16 午後,56,,,,
307,04/19/24,04:53:00 午後,56.2,,,,
308,04/19/24,04:56:38 午後,56.4,,,,
309,04/19/24,06:54:53 午後,56.6,,,,
310,04/19/24,07:31:32 午後,56.8,,,,
311,04/19/24,08:16:41 午後,57,,,,
312,04/19/24,09:27:32 午後,57.2,,,,
313,04/19/24,10:10:01 午後,57.4,,,,
314,04/19/24,10:18:42 午後,57.6,,,,
315,04/20/24,01:03:06 午前,57.8,,,,
316,04/20/24,01:08:38 午前,58,,,,
317,04/20/24,02:39:30 午前,58.2,,,,
318,04/20/24,02:39:05 午後,58.4,,,,
319,04/20/24,02:40:09 午後,58.6,,,,
320,04/20/24,02:41:04 午後,58.8,,,,
321,04/20/24,02:41:55 午後,59,,,,
322,04/20/24,02:42:50 午後,59.2,,,,
323,04/20/24,02:44:00 午後,59.4,,,,
324,04/20/24,02:46:23 午後,59.6,,,,
325,04/20/24,02:52:47 午後,59.8,,,,
326,04/20/24,03:06:10 午後,60,,,,
327,04/20/24,03:08:16 午後,60.2,,,,
328,04/20/24,03:13:21 午後,60.4,,,,
329,04/20/24,04:10:55 午後,60.6,,,,
330,04/21/24,05:45:12 午後,60.8,,,,
331,04/21/24,05:45:47 午後,61,,,,
332,04/21/24,05:46:25 午後,61.2,,,,
333,04/21/24,05:47:28 午後,61.4,,,,
334,04/21/24,05:48:57 午後,61.6,,,,
335,04/21/24,05:52:31 午後,61.8,,,,
336,04/21/24,05:53:29 午後,62,,,,
337,04/21/24,05:54:00 午後,62.2,,,,
338,04/21/24,05:54:25 午後,62.4,,,,
339,04/21/24,05:54:51 午後,62.6,,,,
340,04/21/24,05:55:22 午後,62.8,,,,
341,04/21/24,05:56:00 午後,63,,,,
342,04/21/24,05:56:42 午後,63.2,,,,
343,04/21/24,05:57:25 午後,63.4,,,,
344,04/21/24,05:58:05 午後,63.6,,,,
345,04/21/24,05:59:05 午後,63.8,,,,
346,04/21/24,05:59:58 午後,64,,,,
347,04/21/24,06:00:50 午後,64.2,,,,
348,04/21/24,06:03:19 午後,64.4,,,,
349,04/21/24,06:06:09 午後,64.6,,,,
350,04/21/24,06:08:38 午後,64.8,,,,
351,04/21/24,06:13:23 午後,65,,,,
352,04/21/24,06:15:09 午後,65.2,,,,
353,04/21/24,06:18:03 午後,65.4,,,,
354,04/21/24,06:20:11 午後,65.6,,,,
355,04/21/24,06:22:31 午後,65.8,,,,
356,04/21/24,06:24:51 午後,66,,,,
357,04/21/24,06:26:24 午後,66.2,,,,
358,04/21/24,06:28:16 午後,66.4,,,,
359,04/21/24,06:30:27 午後,66.6,,,,
360,04/21/24,06:34:24 午後,66.8,,,,
361,04/21/24,06:37:37 午後,67,,,,
362,04/21/24,06:39:41 午後,67.2,,,,
363,04/21/24,06:42:32 午後,67.4,,,,
364,04/21/24,06:47:56 午後,67.6,,,,
365,04/21/24,06:55:54 午後,67.8,,,,
366,04/21/24,07:04:25 午後,68,,,,
367,04/21/24,07:06:54 午後,68.2,,,,
368,04/21/24,07:10:32 午後,68.4,,,,
369,04/21/24,07:13:48 午後,68.6,,,,
370,04/21/24,07:16:48 午後,68.8,,,,
371,04/21/24,07:21:06 午後,69,,,,
372,04/21/24,07:26:39 午後,69.2,,,,
373,04/21/24,07:32:31 午後,69.4,,,,
374,04/21/24,07:38:09 午後,69.6,,,,
375,04/21/24,07:42:37 午後,69.8,,,,
376,04/21/24,07:48:03 午後,70,,,,
377,04/21/24,07:59:40 午後,70.2,,,,
378,04/21/24,08:11:50 午後,70.4,,,,
379,04/22/24,01:37:58 午前,70.6,,,,
380,04/22/24,01:44:17 午後,70.8,,,,
381,04/22/24,01:46:09 午後,71,,,,
382,04/22/24,01:48:12 午後,71.2,,,,
383,04/22/24,01:48:56 午後,71.4,,,,
384,04/22/24,01:49:19 午後,71.6,,,,
385,04/22/24,01:49:41 午後,71.8,,,,
386,04/22/24,01:49:54 午後,72,,,,
387,04/22/24,01:50:07 午後,72.2,,,,
388,04/22/24,01:50:19 午後,72.4,,,,
389,04/22/24,01:50:44 午後,72.6,,,,
390,04/22/24,01:51:17 午後,72.8,,,,
391,04/22/24,01:51:54 午後,73,,,,
392,04/22/24,01:52:36 午後,73.2,,,,
393,04/22/24,01:54:18 午後,73.4,,,,
394,04/22/24,01:56:51 午後,73.6,,,,
395,04/22/24,02:09:01 午後,73.8,,,,
396,04/22/24,02:28:38 午後,74,,,,
397,04/22/24,02:35:55 午後,74.2,,,,
398,04/22/24,02:40:48 午後,74.4,,,,
399,04/22/24,02:43:06 午後,74.6,,,,
400,04/22/24,02:57:42 午後,74.8,,,,
401,04/23/24,12:56:35 午前,75,,,,
402,04/23/24,01:06:04 午前,75.2,,,,
403,04/23/24,01:16:25 午前,75.4,,,,
404,04/23/24,03:56:28 午前,75.6,,,,
405,04/23/24,11:30:36 午前,75.8,,,,
406,04/23/24,11:39:47 午前,76,,,,
407,04/23/24,12:05:17 午後,76.2,,,,
408,04/23/24,12:08:01 午後,76.4,,,,
409,04/23/24,12:10:09 午後,76.6,,,,
410,04/23/24,12:11:42 午後,76.8,,,,
411,04/23/24,12:14:10 午後,77,,,,
412,04/23/24,12:15:47 午後,77.2,,,,
413,04/23/24,12:16:45 午後,77.4,,,,
414,04/23/24,12:19:13 午後,77.6,,,,
415,04/23/24,12:27:01 午後,77.8,,,,
416,04/23/24,12:33:49 午後,78,,,,
417,04/23/24,12:36:28 午後,78.2,,,,
418,04/23/24,12:44:21 午後,78.4,,,,
419,04/23/24,12:56:28 午後,78.6,,,,
420,04/23/24,01:11:08 午後,78.8,,,,
421,04/23/24,01:18:45 午後,79,,,,
422,04/23/24,01:52:07 午後,79.2,,,,
423,04/23/24,06:59:08 午後,79.4,,,,
424,04/23/24,07:04:15 午後,79.6,,,,
425,04/23/24,07:09:29 午後,79.8,,,,
426,04/23/24,07:12:43 午後,80,,,,
427,04/23/24,07:14:43 午後,80.2,,,,
428,04/23/24,07:17:53 午後,80.4,,,,
429,04/23/24,07:20:39 午後,80.6,,,,
430,04/23/24,07:26:03 午後,80.8,,,,
431,04/23/24,07:34:57 午後,81,,,,
432,04/23/24,07:40:23 午後,81.2,,,,
433,04/23/24,07:51:04 午後,81.4,,,,
434,04/23/24,07:59:20 午後,81.6,,,,
435,04/23/24,08:02:29 午後,81.8,,,,
436,04/23/24,08:06:05 午後,82,,,,
437,04/23/24,08:10:38 午後,82.2,,,,
438,04/23/24,08:14:23 午後,82.4,,,,
439,04/23/24,08:26:28 午後,82.6,,,,
440,04/23/24,08:30:59 午後,82.8,,,,
441,04/23/24,08:35:48 午後,83,,,,
442,04/23/24,08:38:51 午後,83.2,,,,
443,04/23/24,08:41:24 午後,83.4,,,,
444,04/23/24,08:43:58 午後,83.6,,,,
445,04/23/24,08:46:24 午後,83.8,,,,
446,04/23/24,08:47:48 午後,84,,,,
447,04/23/24,08:49:16 午後,84.2,,,,
448,04/23/24,08:50:44 午後,84.4,,,,
449,04/23/24,08:52:37 午後,84.6,,,,
450,04/23/24,08:54:30 午後,84.8,,,,
451,04/23/24,08:55:34 午後,85,,,,
452,04/23/24,08:56:58 午後,85.2,,,,
453,04/23/24,08:58:15 午後,85.4,,,,
454,04/23/24,08:59:14 午後,85.6,,,,
455,04/23/24,09:00:41 午後,85.8,,,,
456,04/23/24,09:02:07 午後,86,,,,
457,04/23/24,09:03:50 午後,86.2,,,,
458,04/23/24,09:05:31 午後,86.4,,,,
459,04/23/24,09:07:12 午後,86.6,,,,
460,04/23/24,09:08:53 午後,86.8,,,,
461,04/23/24,09:10:41 午後,87,,,,
462,04/23/24,09:11:52 午後,87.2,,,,
463,04/23/24,09:13:14 午後,87.4,,,,
464,04/23/24,09:14:44 午後,87.6,,,,
465,04/23/24,09:16:12 午後,87.8,,,,
466,04/23/24,09:18:15 午後,88,,,,
467,04/23/24,09:21:37 午後,88.2,,,,
468,04/23/24,09:25:48 午後,88.4,,,,
469,04/23/24,09:32:50 午後,88.6,,,,
470,04/23/24,09:40:38 午後,88.8,,,,
471,04/23/24,09:50:08 午後,89,,,,
472,04/23/24,10:51:39 午後,89.2,,,,
473,04/23/24,10:56:29 午後,89.4,,,,
474,04/23/24,11:31:12 午後,89.6,,,,
475,04/23/24,11:49:52 午後,89.8,,,,
476,04/24/24,04:20:35 午前,90,,,,
477,04/24/24,12:59:35 午後,90.2,,,,
478,04/24/24,12:59:48 午後,90.4,,,,
479,04/24/24,01:00:00 午後,90.6,,,,
480,04/24/24,01:00:12 午後,90.8,,,,
481,04/24/24,01:00:29 午後,91,,,,
482,04/24/24,01:01:01 午後,91.2,,,,
483,04/24/24,01:01:35 午後,91.4,,,,
484,04/24/24,01:02:24 午後,91.6,,,,
485,04/24/24,01:04:09 午後,91.8,,,,
486,04/24/24,01:05:26 午後,92,,,,
487,04/24/24,01:07:07 午後,92.2,,,,
488,04/24/24,01:16:55 午後,92.4,,,,
489,04/24/24,01:41:52 午後,92.6,,,,
490,04/24/24,08:34:28 午後,92.8,,,,
491,04/24/24,08:39:15 午後,93,,,,
492,04/24/24,08:44:42 午後,93.2,,,,
493,04/24/24,08:52:39 午後,93.4,,,,
494,04/24/24,11:51:32 午後,93.6,,,,
495,04/24/24,11:56:00 午後,93.8,,,,
496,04/24/24,11:58:11 午後,94,,,,
497,04/25/24,12:00:41 午前,94.2,,,,
498,04/25/24,12:03:43 午前,94.4,,,,
499,04/25/24,12:13:03 午前,94.6,,,,
500,04/25/24,12:15:49 午前,94.8,,,,
501,04/25/24,12:16:39 午前,95,,,,
502,04/25/24,12:17:34 午前,95.2,,,,
503,04/25/24,12:19:00 午前,95.4,,,,
504,04/25/24,12:22:51 午前,95.6,,,,
505,04/25/24,12:27:13 午前,95.8,,,,
506,04/25/24,12:30:36 午前,96,,,,
507,04/25/24,12:31:26 午前,96.2,,,,
508,04/25/24,12:32:47 午前,96.4,,,,
509,04/25/24,12:34:09 午前,96.6,,,,
510,04/25/24,12:36:27 午前,96.8,,,,
511,04/25/24,12:58:51 午前,97,,,,
512,04/25/24,04:18:36 午後,97.2,,,,
513,04/25/24,04:19:57 午後,97.4,,,,
514,04/25/24,04:20:38 午後,97.6,,,,
515,04/25/24,04:21:24 午後,97.8,,,,
516,04/25/24,04:21:50 午後,98,,,,
517,04/25/24,04:22:35 午後,98.2,,,,
518,04/25/24,04:23:10 午後,98.4,,,,
519,04/25/24,04:23:25 午後,98.6,,,,
520,04/25/24,04:23:41 午後,98.8,,,,
521,04/25/24,04:23:57 午後,99,,,,
522,04/25/24,04:24:05 午後,99.2,,,,
523,04/25/24,04:24:13 午後,99.4,,,,
524,04/25/24,04:24:19 午後,99.6,,,,
525,04/25/24,04:24:25 午後,99.8,,,,
526,04/25/24,04:24:32 午後,100,,,,
527,04/25/24,04:24:39 午後,100.2,,,,
528,04/25/24,04:24:46 午後,100.4,,,,
529,04/25/24,04:24:53 午後,100.6,,,,
530,04/25/24,04:25:00 午後,100.8,,,,
531,04/25/24,04:25:08 午後,101,,,,
532,04/25/24,04:25:14 午後,101.2,,,,
533,04/25/24,04:25:20 午後,101.4,,,,
534,04/25/24,04:25:26 午後,101.6,,,,
535,04/25/24,04:25:32 午後,101.8,,,,
536,04/25/24,04:25:37 午後,102,,,,
537,04/25/24,04:25:44 午後,102.2,,,,
538,04/25/24,04:25:49 午後,102.4,,,,
539,04/25/24,04:25:56 午後,102.6,,,,
540,04/25/24,04:26:01 午後,102.8,,,,
541,04/25/24,04:26:05 午後,103,,,,
542,04/25/24,04:26:11 午後,103.2,,,,
543,04/25/24,04:26:15 午後,103.4,,,,
544,04/25/24,04:26:20 午後,103.6,,,,
545,04/25/24,04:26:26 午後,103.8,,,,
546,04/25/24,04:26:30 午後,104,,,,
547,04/25/24,04:26:36 午後,104.2,,,,
548,04/25/24,04:26:41 午後,104.4,,,,
549,04/25/24,04:26:47 午後,104.6,,,,
550,04/25/24,04:26:53 午後,104.8,,,,
551,04/25/24,04:26:59 午後,105,,,,
552,04/25/24,04:27:04 午後,105.2,,,,
553,04/25/24,04:27:09 午後,105.4,,,,
554,04/25/24,04:27:14 午後,105.6,,,,
555,04/25/24,04:27:19 午後,105.8,,,,
556,04/25/24,04:27:24 午後,106,,,,
557,04/25/24,04:27:29 午後,106.2,,,,
558,04/25/24,04:27:34 午後,106.4,,,,
559,04/25/24,04:27:39 午後,106.6,,,,
560,04/25/24,04:27:45 午後,106.8,,,,
561,04/25/24,04:27:52 午後,107,,,,
562,04/25/24,04:28:01 午後,107.2,,,,
563,04/25/24,04:28:12 午後,107.4,,,,
564,04/25/24,04:28:21 午後,107.6,,,,
565,04/25/24,04:28:30 午後,107.8,,,,
566,04/25/24,04:28:40 午後,108,,,,
567,04/25/24,04:28:53 午後,108.2,,,,
568,04/25/24,04:29:02 午後,108.4,,,,
569,04/25/24,04:29:14 午後,108.6,,,,
570,04/25/24,04:29:28 午後,108.8,,,,
571,04/25/24,04:29:41 午後,109,,,,
572,04/25/24,04:30:00 午後,109.2,,,,
573,04/25/24,04:30:21 午後,109.4,,,,
574,04/25/24,04:30:52 午後,109.6,,,,
575,04/25/24,04:31:42 午後,109.8,,,,
576,04/25/24,04:32:51 午後,110,,,,
577,04/25/24,04:34:09 午後,110.2,,,,
578,04/25/24,04:35:38 午後,110.4,,,,
579,04/25/24,04:36:50 午後,110.6,,,,
580,04/25/24,04:43:27 午後,110.8,,,,
581,04/25/24,04:59:29 午後,111,,,,
582,04/25/24,05:00:20 午後,111.2,,,,
583,04/25/24,05:01:01 午後,111.4,,,,
584,04/25/24,05:01:26 午後,111.6,,,,
585,04/25/24,05:01:42 午後,111.8,,,,
586,04/25/24,05:01:58 午後,112,,,,
587,04/25/24,05:02:15 午後,112.2,,,,
588,04/25/24,05:02:28 午後,112.4,,,,
589,04/25/24,05:02:38 午後,112.6,,,,
590,04/25/24,05:02:48 午後,112.8,,,,
591,04/25/24,05:03:00 午後,113,,,,
592,04/25/24,05:03:10 午後,113.2,,,,
593,04/25/24,05:03:21 午後,113.4,,,,
594,04/25/24,05:03:33 午後,113.6,,,,
595,04/25/24,05:03:43 午後,113.8,,,,
596,04/25/24,05:03:51 午後,114,,,,
597,04/25/24,05:04:01 午後,114.2,,,,
598,04/25/24,05:04:13 午後,114.4,,,,
599,04/25/24,05:04:21 午後,114.6,,,,
600,04/25/24,05:04:31 午後,114.8,,,,
601,04/25/24,05:04:40 午後,115,,,,
602,04/25/24,05:04:49 午後,115.2,,,,
603,04/25/24,05:05:02 午後,115.4,,,,
604,04/25/24,05:05:14 午後,115.6,,,,
605,04/25/24,05:05:27 午後,115.8,,,,
606,04/25/24,05:05:44 午後,116,,,,
607,04/25/24,05:06:00 午後,116.2,,,,
608,04/25/24,05:06:12 午後,116.4,,,,
609,04/25/24,05:06:26 午後,116.6,,,,
610,04/25/24,05:06:38 午後,116.8,,,,
611,04/25/24,05:06:55 午後,117,,,,
612,04/25/24,05:07:12 午後,117.2,,,,
613,04/25/24,05:07:27 午後,117.4,,,,
614,04/25/24,05:07:57 午後,117.6,,,,
615,04/25/24,05:08:22 午後,117.8,,,,
616,04/25/24,05:08:40 午後,118,,,,
617,04/25/24,05:09:00 午後,118.2,,,,
618,04/25/24,05:09:23 午後,118.4,,,,
619,04/25/24,05:09:45 午後,118.6,,,,
620,04/25/24,05:10:01 午後,118.8,,,,
621,04/25/24,05:10:14 午後,119,,,,
622,04/25/24,05:10:30 午後,119.2,,,,
623,04/25/24,05:10:48 午後,119.4,,,,
624,04/25/24,05:11:05 午後,119.6,,,,
625,04/25/24,05:11:20 午後,119.8,,,,
626,04/25/24,05:11:40 午後,120,,,,
627,04/25/24,05:11:57 午後,120.2,,,,
628,04/25/24,05:12:17 午後,120.4,,,,
629,04/25/24,05:12:33 午後,120.6,,,,
630,04/25/24,05:12:51 午後,120.8,,,,
631,04/25/24,05:13:08 午後,121,,,,
632,04/25/24,05:13:26 午後,121.2,,,,
633,04/25/24,05:13:46 午後,121.4,,,,
634,04/25/24,05:14:05 午後,121.6,,,,
635,04/25/24,05:14:26 午後,121.8,,,,
636,04/25/24,05:14:41 午後,122,,,,
637,04/25/24,05:15:03 午後,122.2,,,,
638,04/25/24,05:15:26 午後,122.4,,,,
639,04/25/24,05:16:06 午後,122.6,,,,
640,04/25/24,05:16:40 午後,122.8,,,,
641,04/25/24,05:17:29 午後,123,,,,
642,04/25/24,05:18:20 午後,123.2,,,,
643,04/25/24,05:18:59 午後,123.4,,,,
644,04/25/24,05:19:32 午後,123.6,,,,
645,04/25/24,05:19:56 午後,123.8,,,,
646,04/25/24,05:20:17 午後,124,,,,
647,04/25/24,05:20:36 午後,124.2,,,,
648,04/25/24,05:21:13 午後,124.4,,,,
649,04/25/24,05:21:46 午後,124.6,,,,
650,04/25/24,05:22:19 午後,124.8,,,,
651,04/25/24,05:23:02 午後,125,,,,
652,04/25/24,05:23:36 午後,125.2,,,,
653,04/25/24,05:24:02 午後,125.4,,,,
654,04/25/24,05:24:22 午後,125.6,,,,
655,04/25/24,05:24:39 午後,125.8,,,,
656,04/25/24,05:24:55 午後,126,,,,
657,04/25/24,05:25:15 午後,126.2,,,,
658,04/25/24,05:25:31 午後,126.4,,,,
659,04/25/24,05:25:51 午後,126.6,,,,
660,04/25/24,05:26:06 午後,126.8,,,,
661,04/25/24,05:26:22 午後,127,,,,
662,04/25/24,05:26:35 午後,127.2,,,,
663,04/25/24,05:26:53 午後,127.4,,,,
664,04/25/24,05:27:13 午後,127.6,,,,
665,04/25/24,05:27:30 午後,127.8,,,,
666,04/25/24,05:27:46 午後,128,,,,
667,04/25/24,05:28:02 午後,128.2,,,,
668,04/25/24,05:28:19 午後,128.4,,,,
669,04/25/24,05:28:39 午後,128.6,,,,
670,04/25/24,05:28:57 午後,128.8,,,,
671,04/25/24,05:29:22 午後,129,,,,
672,04/25/24,05:29:39 午後,129.2,,,,
673,04/25/24,05:30:04 午後,129.4,,,,
674,04/25/24,05:30:26 午後,129.6,,,,
675,04/25/24,05:30:52 午後,129.8,,,,
676,04/25/24,05:31:09 午後,130,,,,
677,04/25/24,05:31:31 午後,130.2,,,,
678,04/25/24,05:31:49 午後,130.4,,,,
679,04/25/24,05:32:13 午後,130.6,,,,
680,04/25/24,05:32:36 午後,130.8,,,,
681,04/25/24,05:33:08 午後,131,,,,
682,04/25/24,05:33:31 午後,131.2,,,,
683,04/25/24,05:34:04 午後,131.4,,,,
684,04/25/24,05:34:34 午後,131.6,,,,
685,04/25/24,05:35:13 午後,131.8,,,,
686,04/25/24,05:36:00 午後,132,,,,
687,04/25/24,05:36:46 午後,132.2,,,,
688,04/25/24,05:37:39 午後,132.4,,,,
689,04/25/24,05:38:24 午後,132.6,,,,
690,04/25/24,05:39:14 午後,132.8,,,,
691,04/25/24,05:40:04 午後,133,,,,
692,04/25/24,05:40:59 午後,133.2,,,,
693,04/25/24,05:41:42 午後,133.4,,,,
694,04/25/24,05:42:35 午後,133.6,,,,
695,04/25/24,05:43:46 午後,133.8,,,,
696,04/25/24,05:45:13 午後,134,,,,
697,04/25/24,05:46:08 午後,134.2,,,,
698,04/25/24,05:47:16 午後,134.4,,,,
699,04/25/24,05:50:41 午後,134.6,,,,
700,04/25/24,06:01:36 午後,134.8,,,,
701,04/25/24,06:06:16 午後,135,,,,
702,04/25/24,06:09:11 午後,135.2,,,,
703,04/25/24,06:13:14 午後,135.4,,,,
704,04/25/24,06:17:29 午後,135.6,,,,
705,04/25/24,06:19:47 午後,135.8,,,,
706,04/25/24,06:21:48 午後,136,,,,
707,04/25/24,06:23:46 午後,136.2,,,,
708,04/25/24,06:25:49 午後,136.4,,,,
709,04/25/24,06:28:17 午後,136.6,,,,
710,04/25/24,06:31:08 午後,136.8,,,,
711,04/25/24,06:34:03 午後,137,,,,
712,04/25/24,06:35:56 午後,137.2,,,,
713,04/25/24,06:38:45 午後,137.4,,,,
714,04/25/24,06:42:41 午後,137.6,,,,
715,04/25/24,06:48:28 午後,137.8,,,,
716,04/25/24,06:52:26 午後,138,,,,
717,04/25/24,06:55:33 午後,138.2,,,,
718,04/25/24,06:57:23 午後,138.4,,,,
719,04/25/24,07:01:06 午後,138.6,,,,
720,04/25/24,07:05:20 午後,138.8,,,,
721,04/25/24,07:08:31 午後,139,,,,
722,04/25/24,07:11:15 午後,139.2,,,,
723,04/25/24,07:12:59 午後,139.4,,,,
724,04/25/24,07:14:20 午後,139.6,,,,
725,04/25/24,07:15:57 午後,139.8,,,,
726,04/25/24,07:17:06 午後,140,,,,
727,04/25/24,07:18:32 午後,140.2,,,,
728,04/25/24,07:19:48 午後,140.4,,,,
729,04/25/24,07:21:38 午後,140.6,,,,
730,04/25/24,07:26:18 午後,140.8,,,,
731,04/25/24,07:28:18 午後,141,,,,
732,04/25/24,07:29:38 午後,141.2,,,,
733,04/25/24,07:31:17 午後,141.4,,,,
734,04/25/24,07:33:16 午後,141.6,,,,
735,04/25/24,07:35:25 午後,141.8,,,,
736,04/25/24,07:38:09 午後,142,,,,
737,04/25/24,07:42:03 午後,142.2,,,,
738,04/25/24,07:46:25 午後,142.4,,,,
739,04/25/24,07:51:32 午後,142.6,,,,
740,04/25/24,07:59:35 午後,142.8,,,,
741,04/25/24,08:10:29 午後,143,,,,
742,04/25/24,08:14:42 午後,143.2,,,,
743,04/25/24,08:18:46 午後,143.4,,,,
744,04/25/24,08:21:11 午後,143.6,,,,
745,04/25/24,08:24:43 午後,143.8,,,,
746,04/25/24,08:29:04 午後,144,,,,
747,04/25/24,08:34:29 午後,144.2,,,,
748,04/25/24,08:39:12 午後,144.4,,,,
749,04/25/24,08:44:56 午後,144.6,,,,
750,04/25/24,08:48:44 午後,144.8,,,,
751,04/25/24,08:53:12 午後,145,,,,
752,04/25/24,08:55:52 午後,145.2,,,,
753,04/25/24,08:59:04 午後,145.4,,,,
754,04/25/24,09:02:48 午後,145.6,,,,
755,04/25/24,09:13:31 午後,145.8,,,,
756,04/25/24,09:21:48 午後,146,,,,
757,04/25/24,09:37:25 午後,146.2,,,,
758,04/25/24,09:53:12 午後,146.4,,,,
759,04/25/24,10:01:23 午後,146.6,,,,
760,04/25/24,10:07:16 午後,146.8,,,,
761,04/25/24,10:15:03 午後,147,,,,
762,04/25/24,10:21:40 午後,147.2,,,,
763,04/25/24,10:27:54 午後,147.4,,,,
764,04/25/24,10:32:00 午後,147.6,,,,
765,04/25/24,10:36:35 午後,147.8,,,,
766,04/25/24,10:40:59 午後,148,,,,
767,04/25/24,10:45:22 午後,148.2,,,,
768,04/25/24,10:50:19 午後,148.4,,,,
769,04/25/24,10:53:27 午後,148.6,,,,
770,04/25/24,10:56:36 午後,148.8,,,,
771,04/25/24,11:00:07 午後,149,,,,
772,04/25/24,11:02:44 午後,149.2,,,,
773,04/25/24,11:05:19 午後,149.4,,,,
774,04/25/24,11:07:54 午後,149.6,,,,
775,04/25/24,11:11:45 午後,149.8,,,,
776,04/25/24,11:18:04 午後,150,,,,
777,04/25/24,11:25:54 午後,150.2,,,,
778,04/25/24,11:31:09 午後,150.4,,,,
779,04/25/24,11:37:06 午後,150.6,,,,
780,04/25/24,11:41:47 午後,150.8,,,,
781,04/25/24,11:47:18 午後,151,,,,
782,04/25/24,11:51:56 午後,151.2,,,,
783,04/26/24,12:00:37 午前,151.4,,,,
784,04/26/24,12:04:10 午前,151.6,,,,
785,04/26/24,12:11:11 午前,151.8,,,,
786,04/26/24,12:17:56 午前,152,,,,
787,04/26/24,12:28:31 午前,152.2,,,,
788,04/26/24,12:35:33 午前,152.4,,,,
789,04/26/24,12:42:17 午前,152.6,,,,
790,04/26/24,12:47:27 午前,152.8,,,,
791,04/26/24,12:55:26 午前,153,,,,
792,04/26/24,01:03:05 午前,153.2,,,,
793,04/26/24,01:13:12 午前,153.4,,,,
794,04/26/24,01:24:45 午前,153.6,,,,
795,04/26/24,01:47:52 午前,153.8,,,,
796,04/26/24,02:02:00 午前,154,,,,
797,04/26/24,02:21:39 午前,154.2,,,,
798,04/26/24,02:31:49 午前,154.4,,,,
799,04/26/24,02:39:00 午前,154.6,,,,
800,04/26/24,02:49:04 午前,154.8,,,,
801,04/26/24,03:00:29 午前,155,,,,
802,04/26/24,04:32:54 午前,155.2,,,,
803,04/26/24,02:19:43 午後,155.4,,,,
804,04/26/24,02:23:54 午後,155.6,,,,
805,04/26/24,02:32:28 午後,155.8,,,,
806,04/26/24,03:26:45 午後,156,,,,
807,04/26/24,03:37:46 午後,156.2,,,,
808,04/26/24,03:48:56 午後,156.4,,,,
809,04/26/24,03:53:53 午後,156.6,,,,
810,04/26/24,03:59:01 午後,156.8,,,,
811,04/26/24,04:10:49 午後,157,,,,
812,04/26/24,06:20:24 午後,157.2,,,,
813,04/26/24,06:21:14 午後,157.4,,,,
814,04/26/24,06:21:34 午後,157.6,,,,
815,04/26/24,06:22:06 午後,157.8,,,,
816,04/26/24,06:23:36 午後,158,,,,
817,04/26/24,06:24:27 午後,158.2,,,,
818,04/26/24,06:27:28 午後,158.4,,,,
819,04/26/24,06:30:33 午後,158.6,,,,
820,04/26/24,06:32:15 午後,158.8,,,,
821,04/26/24,06:33:33 午後,159,,,,
822,04/26/24,06:34:35 午後,159.2,,,,
823,04/26/24,06:38:59 午後,159.4,,,,
824,04/26/24,06:44:04 午後,159.6,,,,
825,04/26/24,06:45:53 午後,159.8,,,,
826,04/26/24,06:46:10 午後,160,,,,
827,04/26/24,06:46:40 午後,160.2,,,,
828,04/26/24,06:47:01 午後,160.4,,,,
829,04/26/24,06:47:44 午後,160.6,,,,
830,04/26/24,06:49:39 午後,160.8,,,,
831,04/26/24,06:52:38 午後,161,,,,
832,04/26/24,06:55:00 午後,161.2,,,,
833,04/26/24,06:56:24 午後,161.4,,,,
834,04/26/24,07:10:04 午後,161.6,,,,
835,04/26/24,07:16:55 午後,161.8,,,,
836,04/26/24,07:21:24 午後,162,,,,
837,04/26/24,07:25:19 午後,162.2,,,,
838,04/26/24,07:30:56 午後,162.4,,,,
839,04/26/24,07:34:14 午後,162.6,,,,
840,04/26/24,07:38:17 午後,162.8,,,,
841,04/26/24,07:41:25 午後,163,,,,
842,04/26/24,07:43:44 午後,163.2,,,,
843,04/26/24,07:45:59 午後,163.4,,,,
844,04/26/24,07:48:16 午後,163.6,,,,
845,04/26/24,07:50:00 午後,163.8,,,,
846,04/26/24,07:52:05 午後,164,,,,
847,04/26/24,07:54:17 午後,164.2,,,,
848,04/26/24,07:56:49 午後,164.4,,,,
849,04/26/24,07:58:42 午後,164.6,,,,
850,04/26/24,08:00:55 午後,164.8,,,,
851,04/26/24,08:02:52 午後,165,,,,
852,04/26/24,08:04:41 午後,165.2,,,,
853,04/26/24,08:07:52 午後,165.4,,,,
854,04/26/24,08:10:09 午後,165.6,,,,
855,04/26/24,08:15:10 午後,165.8,,,,
856,04/26/24,08:19:57 午後,166,,,,
857,04/26/24,08:25:33 午後,166.2,,,,
858,04/26/24,08:39:48 午後,166.4,,,,
859,04/26/24,09:10:03 午後,166.6,,,,
860,04/27/24,04:50:43 午後,166.8,,,,
861,04/27/24,05:09:17 午後,167,,,,
862,04/27/24,05:10:52 午後,167.2,,,,
863,04/27/24,05:11:40 午後,167.4,,,,
864,04/27/24,05:12:23 午後,167.6,,,,
865,04/27/24,05:13:48 午後,167.8,,,,
866,04/27/24,05:14:42 午後,168,,,,
867,04/27/24,05:15:32 午後,168.2,,,,
868,04/27/24,05:16:08 午後,168.4,,,,
869,04/27/24,05:17:50 午後,168.6,,,,
870,04/27/24,05:19:12 午後,168.8,,,,
871,04/27/24,05:20:08 午後,169,,,,
872,04/27/24,05:21:05 午後,169.2,,,,
873,04/27/24,05:23:22 午後,169.4,,,,
874,04/27/24,05:25:36 午後,169.6,,,,
875,04/27/24,05:27:21 午後,169.8,,,,
876,04/27/24,05:33:01 午後,170,,,,
877,04/27/24,05:42:55 午後,170.2,,,,
878,04/27/24,10:33:07 午後,170.4,,,,
879,04/28/24,03:08:09 午前,170.6,,,,
880,04/28/24,06:34:01 午後,170.8,,,,
881,04/28/24,06:47:24 午後,171,,,,
882,04/28/24,06:53:14 午後,171.2,,,,
883,04/28/24,06:57:32 午後,171.4,,,,
884,04/28/24,06:59:58 午後,171.6,,,,
885,04/28/24,07:06:00 午後,171.8,,,,
886,04/28/24,08:33:37 午後,172,,,,
887,04/28/24,08:40:28 午後,172.2,,,,
888,04/28/24,08:43:26 午後,172.4,,,,
889,04/28/24,08:47:04 午後,172.6,,,,
890,04/28/24,08:50:59 午後,172.8,,,,
891,04/28/24,08:54:28 午後,173,,,,
892,04/28/24,08:57:26 午後,173.2,,,,
893,04/28/24,09:00:29 午後,173.4,,,,
894,04/28/24,09:03:12 午後,173.6,,,,
895,04/28/24,09:07:00 午後,173.8,,,,
896,04/28/24,09:10:55 午後,174,,,,
897,04/28/24,09:15:56 午後,174.2,,,,
898,04/28/24,09:20:39 午後,174.4,,,,
899,04/28/24,09:26:57 午後,174.6,,,,
900,04/28/24,09:34:44 午後,174.8,,,,
901,04/28/24,09:40:14 午後,175,,,,
902,04/28/24,09:46:04 午後,175.2,,,,
903,04/28/24,09:51:25 午後,175.4,,,,
904,04/28/24,09:57:43 午後,175.6,,,,
905,04/28/24,10:04:37 午後,175.8,,,,
906,04/28/24,10:11:17 午後,176,,,,
907,04/28/24,10:16:20 午後,176.2,,,,
908,04/28/24,10:22:30 午後,176.4,,,,
909,04/28/24,10:28:34 午後,176.6,,,,
910,04/28/24,10:35:35 午後,176.8,,,,
911,04/28/24,10:44:55 午後,177,,,,
912,04/28/24,10:54:46 午後,177.2,,,,
913,04/28/24,11:36:58 午後,177.4,,,,
914,04/29/24,12:34:40 午前,177.6,,,,
915,04/29/24,01:48:53 午前,177.8,,,,
916,04/29/24,03:36:06 午後,178,,,,
917,04/29/24,03:36:54 午後,178.2,,,,
918,04/29/24,03:37:51 午後,178.4,,,,
919,04/29/24,03:38:11 午後,178.6,,,,
920,04/29/24,03:38:30 午後,178.8,,,,
921,04/29/24,03:38:47 午後,179,,,,
922,04/29/24,03:39:05 午後,179.2,,,,
923,04/29/24,03:39:19 午後,179.4,,,,
924,04/29/24,03:39:39 午後,179.6,,,,
925,04/29/24,03:39:52 午後,179.8,,,,
926,04/29/24,03:40:03 午後,180,,,,
927,04/29/24,03:40:16 午後,180.2,,,,
928,04/29/24,03:40:23 午後,180.4,,,,
929,04/29/24,03:40:32 午後,180.6,,,,
930,04/29/24,03:40:37 午後,180.8,,,,
931,04/29/24,03:40:45 午後,181,,,,
932,04/29/24,03:40:59 午後,181.2,,,,
933,04/29/24,03:41:17 午後,181.4,,,,
934,04/29/24,03:41:28 午後,181.6,,,,
935,04/29/24,03:41:41 午後,181.8,,,,
936,04/29/24,03:41:54 午後,182,,,,
937,04/29/24,03:42:04 午後,182.2,,,,
938,04/29/24,03:42:14 午後,182.4,,,,
939,04/29/24,03:42:23 午後,182.6,,,,
940,04/29/24,03:42:33 午後,182.8,,,,
941,04/29/24,03:42:44 午後,183,,,,
942,04/29/24,03:42:51 午後,183.2,,,,
943,04/29/24,03:42:57 午後,183.4,,,,
944,04/29/24,03:43:05 午後,183.6,,,,
945,04/29/24,03:43:12 午後,183.8,,,,
946,04/29/24,03:43:20 午後,184,,,,
947,04/29/24,03:43:26 午後,184.2,,,,
948,04/29/24,03:43:32 午後,184.4,,,,
949,04/29/24,03:43:38 午後,184.6,,,,
950,04/29/24,03:43:44 午後,184.8,,,,
951,04/29/24,03:43:52 午後,185,,,,
952,04/29/24,03:43:59 午後,185.2,,,,
953,04/29/24,03:44:07 午後,185.4,,,,
954,04/29/24,03:44:16 午後,185.6,,,,
955,04/29/24,03:44:22 午後,185.8,,,,
956,04/29/24,03:44:29 午後,186,,,,
957,04/29/24,03:44:39 午後,186.2,,,,
958,04/29/24,03:44:49 午後,186.4,,,,
959,04/29/24,03:44:53 午後,186.6,,,,
960,04/29/24,03:44:59 午後,186.8,,,,
961,04/29/24,03:45:04 午後,187,,,,
962,04/29/24,03:45:11 午後,187.2,,,,
963,04/29/24,03:45:17 午後,187.4,,,,
964,04/29/24,03:45:24 午後,187.6,,,,
965,04/29/24,03:45:32 午後,187.8,,,,
966,04/29/24,03:45:40 午後,188,,,,
967,04/29/24,03:45:49 午後,188.2,,,,
968,04/29/24,03:46:00 午後,188.4,,,,
969,04/29/24,03:46:10 午後,188.6,,,,
970,04/29/24,03:46:22 午後,188.8,,,,
971,04/29/24,03:46:36 午後,189,,,,
972,04/29/24,03:46:51 午後,189.2,,,,
973,04/29/24,03:47:02 午後,189.4,,,,
974,04/29/24,03:47:11 午後,189.6,,,,
975,04/29/24,03:47:22 午後,189.8,,,,
976,04/29/24,03:47:31 午後,190,,,,
977,04/29/24,03:47:48 午後,190.2,,,,
978,04/29/24,03:47:58 午後,190.4,,,,
979,04/29/24,03:48:08 午後,190.6,,,,
980,04/29/24,03:48:20 午後,190.8,,,,
981,04/29/24,03:48:35 午後,191,,,,
982,04/29/24,03:48:49 午後,191.2,,,,
983,04/29/24,03:49:04 午後,191.4,,,,
984,04/29/24,03:49:19 午後,191.6,,,,
985,04/29/24,03:49:36 午後,191.8,,,,
986,04/29/24,03:49:52 午後,192,,,,
987,04/29/24,03:50:13 午後,192.2,,,,
988,04/29/24,03:50:35 午後,192.4,,,,
989,04/29/24,03:50:53 午後,192.6,,,,
990,04/29/24,03:51:20 午後,192.8,,,,
991,04/29/24,03:51:42 午後,193,,,,
992,04/29/24,03:52:06 午後,193.2,,,,
993,04/29/24,03:52:43 午後,193.4,,,,
994,04/29/24,03:53:16 午後,193.6,,,,
995,04/29/24,03:53:38 午後,193.8,,,,
996,04/29/24,03:54:25 午後,194,,,,
997,04/29/24,03:54:57 午後,194.2,,,,
998,04/29/24,03:55:11 午後,194.4,,,,
999,04/29/24,03:55:36 午後,194.6,,,,
1000,04/29/24,03:55:52 午後,194.8,,,,
1001,04/29/24,03:56:11 午後,195,,,,
1002,04/29/24,03:56:31 午後,195.2,,,,
1003,04/29/24,03:56:47 午後,195.4,,,,
1004,04/29/24,03:57:01 午後,195.6,,,,
1005,04/29/24,03:57:12 午後,195.8,,,,
1006,04/29/24,03:57:22 午後,196,,,,
1007,04/29/24,03:57:30 午後,196.2,,,,
1008,04/29/24,03:57:37 午後,196.4,,,,
1009,04/29/24,03:57:46 午後,196.6,,,,
1010,04/29/24,03:57:54 午後,196.8,,,,
1011,04/29/24,03:58:01 午後,197,,,,
1012,04/29/24,03:58:10 午後,197.2,,,,
1013,04/29/24,03:58:23 午後,197.4,,,,
1014,04/29/24,03:58:33 午後,197.6,,,,
1015,04/29/24,03:58:42 午後,197.8,,,,
1016,04/29/24,03:58:50 午後,198,,,,
1017,04/29/24,03:59:03 午後,198.2,,,,
1018,04/29/24,03:59:18 午後,198.4,,,,
1019,04/29/24,03:59:35 午後,198.6,,,,
1020,04/29/24,03:59:49 午後,198.8,,,,
1021,04/29/24,04:00:04 午後,199,,,,
1022,04/29/24,04:00:19 午後,199.2,,,,
1023,04/29/24,04:00:36 午後,199.4,,,,
1024,04/29/24,04:00:52 午後,199.6,,,,
1025,04/29/24,04:01:05 午後,199.8,,,,
1026,04/29/24,04:01:19 午後,200,,,,
1027,04/29/24,04:01:33 午後,200.2,,,,
1028,04/29/24,04:01:38 午後,200.4,,,,
1029,04/29/24,04:01:45 午後,200.6,,,,
1030,04/29/24,04:01:54 午後,200.8,,,,
1031,04/29/24,04:02:17 午後,201,,,,
1032,04/29/24,04:02:28 午後,201.2,,,,
1033,04/29/24,04:02:33 午後,201.4,,,,
1034,04/29/24,04:02:46 午後,201.6,,,,
1035,04/29/24,04:02:54 午後,201.8,,,,
1036,04/29/24,04:03:04 午後,202,,,,
1037,04/29/24,04:03:15 午後,202.2,,,,
1038,04/29/24,04:03:25 午後,202.4,,,,
1039,04/29/24,04:03:34 午後,202.6,,,,
1040,04/29/24,04:03:42 午後,202.8,,,,
1041,04/29/24,04:03:54 午後,203,,,,
1042,04/29/24,04:04:06 午後,203.2,,,,
1043,04/29/24,04:04:23 午後,203.4,,,,
1044,04/29/24,04:04:35 午後,203.6,,,,
1045,04/29/24,04:04:44 午後,203.8,,,,
1046,04/29/24,04:04:56 午後,204,,,,
1047,04/29/24,04:05:05 午後,204.2,,,,
1048,04/29/24,04:05:13 午後,204.4,,,,
1049,04/29/24,04:05:21 午後,204.6,,,,
1050,04/29/24,04:05:27 午後,204.8,,,,
1051,04/29/24,04:05:37 午後,205,,,,
1052,04/29/24,04:05:49 午後,205.2,,,,
1053,04/29/24,04:05:57 午後,205.4,,,,
1054,04/29/24,04:06:09 午後,205.6,,,,
1055,04/29/24,04:06:14 午後,205.8,,,,
1056,04/29/24,04:06:19 午後,206,,,,
1057,04/29/24,04:06:27 午後,206.2,,,,
1058,04/29/24,04:06:33 午後,206.4,,,,
1059,04/29/24,04:06:39 午後,206.6,,,,
1060,04/29/24,04:06:45 午後,206.8,,,,
1061,04/29/24,04:06:52 午後,207,,,,
1062,04/29/24,04:07:00 午後,207.2,,,,
1063,04/29/24,04:07:07 午後,207.4,,,,
1064,04/29/24,04:07:14 午後,207.6,,,,
1065,04/29/24,04:07:21 午後,207.8,,,,
1066,04/29/24,04:07:30 午後,208,,,,
1067,04/29/24,04:07:40 午後,208.2,,,,
1068,04/29/24,04:07:47 午後,208.4,,,,
1069,04/29/24,04:07:53 午後,208.6,,,,
1070,04/29/24,04:08:03 午後,208.8,,,,
1071,04/29/24,04:08:12 午後,209,,,,
1072,04/29/24,04:08:21 午後,209.2,,,,
1073,04/29/24,04:08:27 午後,209.4,,,,
1074,04/29/24,04:08:33 午後,209.6,,,,
1075,04/29/24,04:08:39 午後,209.8,,,,
1076,04/29/24,04:08:45 午後,210,,,,
1077,04/29/24,04:08:57 午後,210.2,,,,
1078,04/29/24,04:09:17 午後,210.4,,,,
1079,04/29/24,04:09:54 午後,210.6,,,,
1080,04/29/24,04:11:27 午後,210.8,,,,
1081,04/29/24,04:12:35 午後,211,,,,
1082,04/29/24,04:13:05 午後,211.2,,,,
1083,04/29/24,04:13:43 午後,211.4,,,,
1084,04/29/24,04:14:35 午後,211.6,,,,
1085,04/29/24,04:15:22 午後,211.8,,,,
1086,04/29/24,04:16:01 午後,212,,,,
1087,04/29/24,04:16:46 午後,212.2,,,,
1088,04/29/24,04:17:16 午後,212.4,,,,
1089,04/29/24,04:17:36 午後,212.6,,,,
1090,04/29/24,04:17:50 午後,212.8,,,,
1091,04/29/24,04:18:20 午後,213,,,,
1092,04/29/24,04:18:45 午後,213.2,,,,
1093,04/29/24,04:19:05 午後,213.4,,,,
1094,04/29/24,04:19:24 午後,213.6,,,,
1095,04/29/24,04:19:38 午後,213.8,,,,
1096,04/29/24,04:19:53 午後,214,,,,
1097,04/29/24,04:20:03 午後,214.2,,,,
1098,04/29/24,04:20:16 午後,214.4,,,,
1099,04/29/24,04:20:31 午後,214.6,,,,
1100,04/29/24,04:20:40 午後,214.8,,,,
1101,04/29/24,04:20:49 午後,215,,,,
1102,04/29/24,04:20:58 午後,215.2,,,,
1103,04/29/24,04:21:10 午後,215.4,,,,
1104,04/29/24,04:21:22 午後,215.6,,,,
1105,04/29/24,04:21:38 午後,215.8,,,,
1106,04/29/24,04:21:49 午後,216,,,,
1107,04/29/24,04:22:05 午後,216.2,,,,
1108,04/29/24,04:22:30 午後,216.4,,,,
1109,04/29/24,04:22:45 午後,216.6,,,,
1110,04/29/24,04:22:59 午後,216.8,,,,
1111,04/29/24,04:23:24 午後,217,,,,
1112,04/29/24,04:23:56 午後,217.2,,,,
1113,04/29/24,04:24:15 午後,217.4,,,,
1114,04/29/24,04:24:34 午後,217.6,,,,
1115,04/29/24,04:25:05 午後,217.8,,,,
1116,04/29/24,04:25:10 午後,218,,,,
1117,04/29/24,04:25:20 午後,218.2,,,,
1118,04/29/24,04:25:32 午後,218.4,,,,
1119,04/29/24,04:25:47 午後,218.6,,,,
1120,04/29/24,04:26:01 午後,218.8,,,,
1121,04/29/24,04:27:03 午後,219,,,,
1122,04/29/24,04:27:47 午後,219.2,,,,
1123,04/29/24,04:28:12 午後,219.4,,,,
1124,04/29/24,04:28:41 午後,219.6,,,,
1125,04/29/24,04:28:55 午後,219.8,,,,
1126,04/29/24,04:29:07 午後,220,,,,
1127,04/29/24,04:29:25 午後,220.2,,,,
1128,04/29/24,04:29:35 午後,220.4,,,,
1129,04/29/24,04:29:48 午後,220.6,,,,
1130,04/29/24,04:30:19 午後,220.8,,,,
1131,04/29/24,04:30:49 午後,221,,,,
1132,04/29/24,04:31:13 午後,221.2,,,,
1133,04/29/24,04:31:32 午後,221.4,,,,
1134,04/29/24,04:31:45 午後,221.6,,,,
1135,04/29/24,04:31:53 午後,221.8,,,,
1136,04/29/24,04:31:59 午後,222,,,,
1137,04/29/24,04:32:07 午後,222.2,,,,
1138,04/29/24,04:32:13 午後,222.4,,,,
1139,04/29/24,04:32:21 午後,222.6,,,,
1140,04/29/24,04:32:27 午後,222.8,,,,
1141,04/29/24,04:32:33 午後,223,,,,
1142,04/29/24,04:32:40 午後,223.2,,,,
1143,04/29/24,04:32:47 午後,223.4,,,,
1144,04/29/24,04:32:53 午後,223.6,,,,
1145,04/29/24,04:32:59 午後,223.8,,,,
1146,04/29/24,04:33:05 午後,224,,,,
1147,04/29/24,04:33:12 午後,224.2,,,,
1148,04/29/24,04:33:20 午後,224.4,,,,
1149,04/29/24,04:33:25 午後,224.6,,,,
1150,04/29/24,04:33:36 午後,224.8,,,,
1151,04/29/24,04:33:44 午後,225,,,,
1152,04/29/24,04:33:55 午後,225.2,,,,
1153,04/29/24,04:34:10 午後,225.4,,,,
1154,04/29/24,04:34:19 午後,225.6,,,,
1155,04/29/24,04:34:25 午後,225.8,,,,
1156,04/29/24,04:34:32 午後,226,,,,
1157,04/29/24,04:34:38 午後,226.2,,,,
1158,04/29/24,04:34:45 午後,226.4,,,,
1159,04/29/24,04:34:50 午後,226.6,,,,
1160,04/29/24,04:34:55 午後,226.8,,,,
1161,04/29/24,04:35:00 午後,227,,,,
1162,04/29/24,04:35:06 午後,227.2,,,,
1163,04/29/24,04:35:14 午後,227.4,,,,
1164,04/29/24,04:35:23 午後,227.6,,,,
1165,04/29/24,04:35:31 午後,227.8,,,,
1166,04/29/24,04:35:42 午後,228,,,,
1167,04/29/24,04:35:52 午後,228.2,,,,
1168,04/29/24,04:36:00 午後,228.4,,,,
1169,04/29/24,04:36:09 午後,228.6,,,,
1170,04/29/24,04:36:31 午後,228.8,,,,
1171,04/29/24,04:36:45 午後,229,,,,
1172,04/29/24,04:37:04 午後,229.2,,,,
1173,04/29/24,04:37:28 午後,229.4,,,,
1174,04/29/24,04:37:53 午後,229.6,,,,
1175,04/29/24,04:38:19 午後,229.8,,,,
1176,04/29/24,04:38:46 午後,230,,,,
1177,04/29/24,04:39:07 午後,230.2,,,,
1178,04/29/24,04:39:36 午後,230.4,,,,
1179,04/29/24,04:40:57 午後,230.6,,,,
1180,04/29/24,04:48:03 午後,230.8,,,,
1181,04/30/24,03:04:39 午前,231,,,,
1182,04/30/24,03:11:25 午前,231.2,,,,
1183,04/30/24,06:34:29 午前,231.4,,,,
1184,04/30/24,04:31:55 午後,231.6,,,,
1185,04/30/24,04:32:31 午後,231.8,,,,
1186,04/30/24,04:32:55 午後,232,,,,
1187,04/30/24,04:33:40 午後,232.2,,,,
1188,04/30/24,04:34:12 午後,232.4,,,,
1189,04/30/24,04:34:30 午後,232.6,,,,
1190,04/30/24,04:34:50 午後,232.8,,,,
1191,04/30/24,04:35:17 午後,233,,,,
1192,04/30/24,04:35:33 午後,233.2,,,,
1193,04/30/24,04:35:51 午後,233.4,,,,
1194,04/30/24,04:36:13 午後,233.6,,,,
1195,04/30/24,04:36:30 午後,233.8,,,,
1196,04/30/24,04:36:49 午後,234,,,,
1197,04/30/24,04:37:19 午後,234.2,,,,
1198,04/30/24,04:38:07 午後,234.4,,,,
1199,04/30/24,04:40:45 午後,234.6,,,,
1200,2005/01/24,01:26:31 午前,234.8,,,,
1201,2005/01/24,03:31:30 午前,235,,,,
1202,2005/01/24,10:11:41 午前,235.2,,,,
1203,2005/01/24,10:13:09 午前,,,記録,記録,
1204,2005/01/24,10:13:15 午前,235.2,,,記録,記録